epoch,steps,cosine_pearson,cosine_spearman,euclidean_pearson,euclidean_spearman,manhattan_pearson,manhattan_spearman,dot_pearson,dot_spearman
0,-1,0.4833661264791726,0.11492700657143508,0.6914230333772153,0.11492700657195154,0.6841805257510359,0.11492496213114994,0.48336612755836145,0.11492700657092329
0,-1,0.49419184435793273,0.11493951818829913,0.7025792714552148,0.11493951818883262,0.6965055096275135,0.11493953440015535,0.494191843870564,0.11493951818777066
1,-1,0.49048660916582126,0.1149396262644746,0.716930154987417,0.11493962626499385,0.7099886336821788,0.11493962626493542,0.49048661206207284,0.11493962626395093
2,-1,0.47761196313920795,0.11493962626447327,0.70977218938918,0.11493962626498312,0.7035856058039494,0.11493962626492023,0.47761196105424986,0.11493962626396276
3,-1,0.475157361110754,0.11493962626447166,0.7097551779964123,0.11493962626498765,0.7039670280991495,0.11493962626493158,0.47515736013711,0.11493962626397045
